<config xmlns:xsi="http://www.w3.org/2001/XMLSchema-instance" xsi:noNamespaceSchemaLocation="urn:magento:framework:ObjectManager/etc/config.xsd">
    <type name="Magento\Framework\View\Element\UiComponent\DataProvider\CollectionFactory">
        <arguments>
            <argument name="collections" xsi:type="array">
                <item name="product_inquiry_listing_data_source" xsi:type="string">Changpeng\Inquiry\Model\ResourceModel\Inquiry\Grid\Collection</item>
            </argument>
        </arguments>
    </type>
    <virtualType name="Changpeng\Inquiry\Model\ResourceModel\Inquiry\Grid\Collection" type="Magento\Framework\View\Element\UiComponent\DataProvider\SearchResult">
        <arguments>
            <argument name="mainTable" xsi:type="string">changpeng_product_inquiry</argument>
            <argument name="resourceModel" xsi:type="string">Changpeng\Inquiry\Model\ResourceModel\Inquiry</argument>
        </arguments>
    </virtualType>
</config>