<?xml version="1.0"?>
<config xmlns:xsi="http://www.w3.org/2001/XMLSchema-instance" xsi:noNamespaceSchemaLocation="urn:magento:module:Magento_Config:etc/system_file.xsd">
    <system>
        <tab id="changpeng" translate="label" sortOrder="500">
            <label>Changpeng Extensions</label>
        </tab>
        <section id="product_inquiry" translate="label" sortOrder="1" showInDefault="1" showInWebsite="1" showInStore="1">
            <class>separator-top</class>
            <label>Product Inquiry</label>
            <tab>changpeng</tab>
            <resource>Changpeng_Inquiry::product_inquiry</resource>
            <group id="general" translate="label" type="text" sortOrder="10" showInDefault="1" showInWebsite="1" showInStore="1">
                <label>General Settings</label>
                <field id="enable" translate="label" type="select" sortOrder="1" showInDefault="1" showInWebsite="1" showInStore="1">
                    <label>Enable</label>
                    <source_model>Magento\Config\Model\Config\Source\Yesno</source_model>
                </field>
                <field id="label" translate="label comment" type="text" sortOrder="2" showInDefault="1" showInWebsite="1" showInStore="1">
                    <label>Label</label>
                    <comment>Leave label as blank if you just want to hide price without having any inquiry button.</comment>
                    <depends>
                        <field id="enable">1</field>
                    </depends>
                </field>	
				<field id="is_addtocart_allowed" translate="label" type="select" sortOrder="3" showInDefault="1" showInWebsite="1" showInStore="1">
                    <label>Allow Add To Cart</label>
                    <source_model>Magento\Config\Model\Config\Source\Yesno</source_model>
                    <depends>
                        <field id="enable">1</field>
                    </depends>
                </field>
				<field id="is_product_price_disclosed" translate="label" type="select" sortOrder="4" showInDefault="1" showInWebsite="1" showInStore="1">
                    <label>Disclose Product Price</label>
                    <source_model>Magento\Config\Model\Config\Source\Yesno</source_model>
                    <depends>
                        <field id="enable">1</field>
                    </depends>
                </field>
				<field id="sender" translate="label" type="select" sortOrder="5" showInDefault="1" showInWebsite="1" showInStore="1">
                    <label>To Email</label>
                    <source_model>Magento\Config\Model\Config\Source\Email\Identity</source_model>
                    <depends>
                        <field id="enable">1</field>
                    </depends>
                </field>
                <field id="email_template" translate="label comment" type="select" sortOrder="6" showInDefault="1" showInWebsite="1" showInStore="1" canRestore="1">
                    <label>Email Template</label>
                    <comment>Email template chosen based on theme fallback when "Default" option is selected.</comment>
                    <source_model>Magento\Config\Model\Config\Source\Email\Template</source_model>
                    <depends>
                        <field id="enable">1</field>
                    </depends>
                </field>
            </group>
        </section>
    </system>
</config>